Date;Libellé;Débit;Crédit;Solde
01/10/2026;"VIR RECU CLIENT ATLAS TEXTILE SARL";;45000,00;104500,00
02/10/2026;"CB CIB MARJANE CASABLANA";-1250,75;;103249,25
03/10/2026;"CHEQUE 0045231 CLIENT RAJAE TRADING";;8600,00;111849,25
05/10/2026;"PRLV SEPA ORANGE MAROC";-349,00;;111500,25
06/10/2026;"COMMISSION BANCAIRE MOIS OCTOBRE";-120,00;;111380,25
08/10/2026;"VIR SEPA RECU DU PUBLI AGENCY";;12500,00;123880,25
09/10/2026;"IMPAYE CHEQUE CLIENT NOUR DISTRIBUTION";-2300,00;;121580,25
10/10/2026;"VIR SORTANT FONDS SOCIAUX CMR";-5400,00;;116180,25
12/10/2026;"CIB E-COMMERCE AWB MAROC";;3990,50;120170,75
15/10/2026;"VIR RECU CLIENT DUPONT SARL";;1200,50;121371,25
